1.712622312123114332e-01,5.000000000000000000e-01,0.000000000000000000e+00,4.178099970209134262e-01,7.958732261787520024e-01,7.222222222222222099e-01,4.681814370755428834e-01,2.000000000000000111e-01,2.000000000000000111e-01,6.250000000000000000e-02,7.839428331231608829e-03,1.000000000000000000e+00,1.000000000000000000e+00
6.318857433886244657e-01,5.000000000000000000e-01,1.000000000000000000e+00,6.767460817528183625e-01,7.858517231372086354e-01,5.833333333333333703e-01,6.562421396830719900e-01,0.000000000000000000e+00,1.000000000000000056e-01,5.000000000000000000e-01,1.994115174443043120e-02,1.000000000000000000e+00,1.000000000000000000e+00
9.639597425452880453e-01,0.000000000000000000e+00,0.000000000000000000e+00,3.820701503461178539e-01,8.524436420313401541e-01,4.444444444444444198e-01,9.034962689695649196e-01,2.000000000000000111e-01,1.000000000000000056e-01,5.625000000000000000e-01,4.251786464901218671e-03,0.000000000000000000e+00,1.000000000000000000e+00
8.165485686478883842e-01,5.000000000000000000e-01,0.000000000000000000e+00,4.021467263097937006e-01,7.873679320889060973e-01,5.000000000000000000e-01,3.491238366730946563e-01,0.000000000000000000e+00,2.999999999999999889e-01,0.000000000000000000e+00,1.150483396385035793e-02,1.000000000000000000e+00,1.000000000000000000e+00
6.938549853240917331e-01,1.000000000000000000e+00,0.000000000000000000e+00,4.664645598250704572e-01,6.277196007216624407e-01,7.222222222222222099e-01,5.390290936530561794e-01,0.000000000000000000e+00,2.999999999999999889e-01,3.125000000000000000e-01,1.799495586380832346e-02,1.000000000000000000e+00,1.000000000000000000e+00
7.662061307872409799e-01,1.000000000000000000e+00,0.000000000000000000e+00,5.151191226292275438e-01,8.567333690152976189e-01,1.666666666666666574e-01,3.070344596294122819e-01,4.000000000000000222e-01,1.000000000000000000e+00,5.000000000000000000e-01,3.911097099621689555e-02,1.000000000000000000e+00,0.000000000000000000e+00
5.203060548044913247e-01,5.000000000000000000e-01,0.000000000000000000e+00,3.819532582350508854e-01,7.605995522699731115e-01,5.833333333333333703e-01,8.195690450238953817e-01,0.000000000000000000e+00,0.000000000000000000e+00,6.250000000000000000e-02,0.000000000000000000e+00,0.000000000000000000e+00,1.000000000000000000e+00
9.271926487462845978e-01,5.000000000000000000e-01,0.000000000000000000e+00,1.457497454733521804e-02,7.584240437005462798e-01,2.777777777777777901e-01,7.528297140940721777e-01,0.000000000000000000e+00,2.999999999999999889e-01,5.000000000000000000e-01,1.246742328709541867e-02,0.000000000000000000e+00,1.000000000000000000e+00
3.158820442555700936e-01,5.000000000000000000e-01,0.000000000000000000e+00,1.432106415778888198e-01,7.958732261787520024e-01,1.000000000000000000e+00,4.385847237360610551e-01,2.000000000000000111e-01,2.999999999999999889e-01,1.875000000000000000e-01,6.796973518284994339e-03,1.000000000000000000e+00,1.000000000000000000e+00
6.187099015729562446e-01,1.000000000000000000e+00,0.000000000000000000e+00,5.307823933403472694e-01,7.106932199983352350e-01,2.083333333333333426e-01,4.966043430871133202e-01,2.000000000000000111e-01,5.999999999999999778e-01,2.500000000000000000e-01,1.465321563682219462e-02,1.000000000000000000e+00,1.000000000000000000e+00
4.876860520621016937e-01,5.000000000000000000e-01,0.000000000000000000e+00,1.700144725648335964e-01,7.584240437005462798e-01,2.777777777777777901e-01,4.113356250524021762e-01,0.000000000000000000e+00,5.000000000000000000e-01,4.375000000000000000e-01,1.173602353930222782e-02,1.000000000000000000e+00,1.000000000000000000e+00
1.598725510512321590e-01,5.000000000000000000e-01,0.000000000000000000e+00,6.924093524639380881e-01,7.222621962246876803e-01,5.555555555555555802e-01,3.893686593443447808e-01,2.000000000000000111e-01,2.000000000000000111e-01,1.875000000000000000e-01,9.779319041614123464e-03,1.000000000000000000e+00,1.000000000000000000e+00
3.328570235587762216e-01,0.000000000000000000e+00,0.000000000000000000e+00,4.178099970209134262e-01,7.873679320889060973e-01,3.055555555555555802e-01,3.098012911880607123e-01,2.000000000000000111e-01,4.000000000000000222e-01,3.750000000000000000e-01,2.023959646910466689e-02,1.000000000000000000e+00,1.000000000000000000e+00
4.541845669447202583e-01,5.000000000000000000e-01,0.000000000000000000e+00,5.637736854333844638e-01,7.794606474618934744e-01,4.444444444444444198e-01,6.750230569296554739e-01,2.000000000000000111e-01,0.000000000000000000e+00,0.000000000000000000e+00,4.251786464901218671e-03,1.000000000000000000e+00,1.000000000000000000e+00
5.173162315442848547e-01,5.000000000000000000e-01,1.000000000000000000e+00,6.280915189486613315e-01,7.438526754925833817e-01,4.444444444444444198e-01,6.002347614655824115e-01,0.000000000000000000e+00,0.000000000000000000e+00,0.000000000000000000e+00,0.000000000000000000e+00,1.000000000000000000e+00,1.000000000000000000e+00
2.882622631724910955e-01,5.000000000000000000e-01,0.000000000000000000e+00,1.000000000000000000e+00,7.958732261787520024e-01,4.444444444444444198e-01,4.592940387356418408e-01,2.000000000000000111e-01,2.000000000000000111e-01,6.250000000000000000e-02,9.056326187473729208e-03,1.000000000000000000e+00,1.000000000000000000e+00
4.630328973346241050e-01,5.000000000000000000e-01,0.000000000000000000e+00,3.048376007014796385e-01,8.314811981480620950e-01,4.444444444444444198e-01,5.253626226209441308e-01,0.000000000000000000e+00,2.999999999999999889e-01,4.375000000000000000e-01,6.208490962589323023e-03,1.000000000000000000e+00,1.000000000000000000e+00
5.521579822610692689e-01,1.000000000000000000e+00,0.000000000000000000e+00,4.664645598250704572e-01,8.314811981480620950e-01,5.833333333333333703e-01,5.835499287331264995e-01,0.000000000000000000e+00,4.000000000000000222e-01,4.375000000000000000e-01,2.004413619167717472e-02,1.000000000000000000e+00,1.000000000000000000e+00
8.074373400057940353e-01,1.000000000000000000e+00,0.000000000000000000e+00,4.178099970209134262e-01,3.043007141827282214e-02,3.055555555555555802e-01,6.328498365054079366e-01,0.000000000000000000e+00,5.999999999999999778e-01,5.000000000000000000e-01,2.176544766708701090e-02,1.000000000000000000e+00,1.000000000000000000e+00
1.803760372882508844e-01,5.000000000000000000e-01,0.000000000000000000e+00,6.280915189486613315e-01,5.375364316488873140e-01,5.277777777777777901e-01,3.416617758028003826e-01,2.000000000000000111e-01,2.000000000000000111e-01,6.250000000000000000e-02,1.268600252206809539e-02,1.000000000000000000e+00,1.000000000000000000e+00
6.193315786163686686e-03,0.000000000000000000e+00,1.000000000000000000e+00,7.322501685062441368e-01,6.282425978938938060e-01,1.666666666666666574e-01,3.479500293451832649e-01,2.000000000000000111e-01,1.000000000000000056e-01,6.250000000000000000e-02,4.251786464901218671e-03,1.000000000000000000e+00,1.000000000000000000e+00
5.203060548044913247e-01,5.000000000000000000e-01,0.000000000000000000e+00,3.819532582350508854e-01,7.605995522699731115e-01,5.833333333333333703e-01,8.195690450238953817e-01,0.000000000000000000e+00,0.000000000000000000e+00,6.250000000000000000e-02,0.000000000000000000e+00,0.000000000000000000e+00,1.000000000000000000e+00
2.600419400035259287e-01,5.000000000000000000e-01,0.000000000000000000e+00,4.178099970209134262e-01,7.958732261787520024e-01,7.222222222222222099e-01,5.203320197870378028e-01,2.000000000000000111e-01,2.000000000000000111e-01,6.250000000000000000e-02,7.839428331231608829e-03,1.000000000000000000e+00,1.000000000000000000e+00
3.427466372220624446e-01,5.000000000000000000e-01,0.000000000000000000e+00,3.819532582350508854e-01,7.605995522699731115e-01,5.833333333333333703e-01,7.152678796009055429e-01,0.000000000000000000e+00,0.000000000000000000e+00,6.250000000000000000e-02,0.000000000000000000e+00,0.000000000000000000e+00,1.000000000000000000e+00
3.120030063188368175e-01,5.000000000000000000e-01,0.000000000000000000e+00,8.668341356058234526e-01,2.248290795220639626e-01,5.833333333333333703e-01,3.134065565523602159e-01,4.000000000000000222e-01,2.000000000000000111e-01,6.250000000000000000e-02,1.665195460277427500e-02,1.000000000000000000e+00,1.000000000000000000e+00
2.124985952985544990e-01,5.000000000000000000e-01,1.000000000000000000e+00,6.280915189486613315e-01,7.706210553115163675e-01,4.444444444444444198e-01,4.701098348285402961e-01,4.000000000000000222e-01,2.000000000000000111e-01,6.250000000000000000e-02,1.209121479613282923e-02,1.000000000000000000e+00,1.000000000000000000e+00
7.743662863405283980e-01,5.000000000000000000e-01,0.000000000000000000e+00,2.046630284003402855e-01,0.000000000000000000e+00,4.444444444444444198e-01,1.000000000000000000e+00,0.000000000000000000e+00,4.000000000000000222e-01,1.000000000000000000e+00,1.105506515342580959e-02,0.000000000000000000e+00,0.000000000000000000e+00
1.758248046047400370e-02,0.000000000000000000e+00,1.000000000000000000e+00,5.720413120880559754e-01,6.282425978938938060e-01,5.833333333333333703e-01,4.680975936949778315e-01,0.000000000000000000e+00,0.000000000000000000e+00,0.000000000000000000e+00,0.000000000000000000e+00,1.000000000000000000e+00,1.000000000000000000e+00
5.320823500423214059e-01,1.000000000000000000e+00,0.000000000000000000e+00,3.181599130614123916e-01,7.584240437005462798e-01,2.777777777777777901e-01,5.606606858388530901e-01,0.000000000000000000e+00,2.999999999999999889e-01,1.250000000000000000e-01,1.317360235393022320e-02,1.000000000000000000e+00,1.000000000000000000e+00
5.051558986635489301e-01,1.000000000000000000e+00,0.000000000000000000e+00,5.307823933403472694e-01,7.958732261787520024e-01,5.277777777777777901e-01,5.436404795841368598e-01,0.000000000000000000e+00,4.000000000000000222e-01,1.250000000000000000e-01,9.796132828919713181e-03,1.000000000000000000e+00,1.000000000000000000e+00
1.237188865073399757e-01,5.000000000000000000e-01,1.000000000000000000e+00,6.280915189486613315e-01,7.706210553115163675e-01,4.444444444444444198e-01,4.179592521170453767e-01,4.000000000000000222e-01,2.000000000000000111e-01,6.250000000000000000e-02,1.209121479613282923e-02,1.000000000000000000e+00,1.000000000000000000e+00
3.390119355806494594e-01,1.000000000000000000e+00,0.000000000000000000e+00,5.151191226292275438e-01,7.605995522699731115e-01,8.611111111111111605e-01,4.182946256393058060e-01,4.000000000000000222e-01,5.000000000000000000e-01,2.500000000000000000e-01,1.318411097099621634e-02,1.000000000000000000e+00,1.000000000000000000e+00
1.000000000000000000e+00,0.000000000000000000e+00,0.000000000000000000e+00,7.342039928402803450e-02,8.524436420313401541e-01,4.444444444444444198e-01,8.943573404879684441e-01,2.000000000000000111e-01,2.000000000000000111e-01,5.625000000000000000e-01,7.839428331231608829e-03,0.000000000000000000e+00,1.000000000000000000e+00
5.160017402833321221e-01,1.000000000000000000e+00,0.000000000000000000e+00,6.074285260699421318e-01,7.687209591263952646e-01,5.277777777777777901e-01,4.484782426427433855e-01,4.000000000000000222e-01,6.999999999999999556e-01,5.000000000000000000e-01,1.791719209751996625e-02,1.000000000000000000e+00,1.000000000000000000e+00
1.162082442829939777e-01,5.000000000000000000e-01,0.000000000000000000e+00,3.692841909053910104e-02,7.945209411156664014e-01,5.000000000000000000e-01,4.976104636538946080e-01,2.000000000000000111e-01,1.000000000000000056e-01,6.250000000000000000e-02,5.468684321143337315e-03,1.000000000000000000e+00,1.000000000000000000e+00
4.671258622804927430e-01,5.000000000000000000e-01,0.000000000000000000e+00,4.664645598250704572e-01,6.282425978938938060e-01,5.833333333333333703e-01,6.048461473966630919e-01,0.000000000000000000e+00,2.000000000000000111e-01,3.750000000000000000e-01,6.208490962589323023e-03,1.000000000000000000e+00,1.000000000000000000e+00
1.687234588749810527e-01,5.000000000000000000e-01,0.000000000000000000e+00,4.488439236040855929e-01,7.843042499523995570e-01,4.444444444444444198e-01,4.071434560241469214e-01,2.000000000000000111e-01,2.000000000000000111e-01,6.250000000000000000e-02,9.056326187473729208e-03,1.000000000000000000e+00,1.000000000000000000e+00
1.466090764848338168e-01,5.000000000000000000e-01,0.000000000000000000e+00,1.937694658264457748e-01,0.000000000000000000e+00,4.444444444444444198e-01,5.526117213046030097e-01,0.000000000000000000e+00,0.000000000000000000e+00,0.000000000000000000e+00,0.000000000000000000e+00,1.000000000000000000e+00,1.000000000000000000e+00
1.063624469950729817e-01,0.000000000000000000e+00,0.000000000000000000e+00,7.890130078478878595e-01,8.561353595524645588e-01,5.277777777777777901e-01,5.002934518319779311e-01,0.000000000000000000e+00,0.000000000000000000e+00,0.000000000000000000e+00,0.000000000000000000e+00,1.000000000000000000e+00,1.000000000000000000e+00
5.611094100047733235e-01,1.000000000000000000e+00,0.000000000000000000e+00,4.178099970209134262e-01,3.043007141827282214e-02,3.055555555555555802e-01,5.624213968307202327e-01,2.000000000000000111e-01,4.000000000000000222e-01,3.750000000000000000e-01,1.070617906683480475e-02,1.000000000000000000e+00,1.000000000000000000e+00
1.641845978739263634e-01,0.000000000000000000e+00,0.000000000000000000e+00,3.055360512052046063e-01,7.018536278479581281e-01,4.722222222222222099e-01,5.189066823174310894e-01,0.000000000000000000e+00,0.000000000000000000e+00,0.000000000000000000e+00,0.000000000000000000e+00,1.000000000000000000e+00,1.000000000000000000e+00
1.933740361686136222e-01,1.000000000000000000e+00,0.000000000000000000e+00,8.668341356058234526e-01,5.978125264756209978e-01,5.833333333333333703e-01,3.547413431709566800e-01,2.000000000000000111e-01,2.000000000000000111e-01,6.250000000000000000e-02,9.995796553173603646e-03,1.000000000000000000e+00,1.000000000000000000e+00
6.151066490576386769e-01,5.000000000000000000e-01,0.000000000000000000e+00,4.664645598250704572e-01,8.010511267297892868e-01,5.833333333333333703e-01,3.559151504988681269e-01,0.000000000000000000e+00,5.000000000000000000e-01,1.875000000000000000e-01,1.969945355191256992e-02,1.000000000000000000e+00,1.000000000000000000e+00
7.947022393776217442e-01,1.000000000000000000e+00,0.000000000000000000e+00,5.307823933403472694e-01,7.085790015838044908e-01,1.666666666666666574e-01,1.645845560492999182e-01,1.000000000000000000e+00,8.000000000000000444e-01,1.875000000000000000e-01,2.872635561160151452e-02,1.000000000000000000e+00,1.000000000000000000e+00
5.675813463895821309e-01,1.000000000000000000e+00,0.000000000000000000e+00,5.822574644897806628e-01,6.398115741202462514e-01,5.833333333333333703e-01,4.145216735138760877e-01,4.000000000000000222e-01,5.999999999999999778e-01,3.125000000000000000e-01,2.623160992013450973e-02,1.000000000000000000e+00,1.000000000000000000e+00
3.663301569038627248e-01,1.000000000000000000e+00,0.000000000000000000e+00,3.048376007014796385e-01,6.737329629659395414e-01,7.222222222222222099e-01,5.172298147061290541e-01,2.000000000000000111e-01,2.000000000000000111e-01,1.875000000000000000e-01,9.779319041614123464e-03,1.000000000000000000e+00,1.000000000000000000e+00
9.906573177986237322e-02,5.000000000000000000e-01,1.000000000000000000e+00,6.280915189486613315e-01,7.438526754925833817e-01,4.444444444444444198e-01,4.664207260836757407e-01,2.000000000000000111e-01,0.000000000000000000e+00,0.000000000000000000e+00,4.251786464901218671e-03,1.000000000000000000e+00,1.000000000000000000e+00
8.486505071874319572e-01,1.000000000000000000e+00,0.000000000000000000e+00,3.048376007014796385e-01,8.259540407374367232e-01,3.055555555555555802e-01,5.490064559403035060e-01,4.000000000000000222e-01,8.000000000000000444e-01,5.625000000000000000e-01,2.764817150063051884e-02,1.000000000000000000e+00,1.000000000000000000e+00
5.519930264949889365e-01,1.000000000000000000e+00,0.000000000000000000e+00,1.365906263688110300e-01,8.058947292202952584e-01,4.444444444444444198e-01,3.966630334535088398e-01,0.000000000000000000e+00,4.000000000000000222e-01,0.000000000000000000e+00,2.781000420344682464e-02,1.000000000000000000e+00,1.000000000000000000e+00
5.203060548044913247e-01,5.000000000000000000e-01,0.000000000000000000e+00,3.819532582350508854e-01,7.605995522699731115e-01,5.833333333333333703e-01,8.195690450238953817e-01,0.000000000000000000e+00,0.000000000000000000e+00,6.250000000000000000e-02,0.000000000000000000e+00,0.000000000000000000e+00,1.000000000000000000e+00
5.496114776222038589e-01,5.000000000000000000e-01,0.000000000000000000e+00,4.178099970209134262e-01,7.873679320889060973e-01,3.055555555555555802e-01,5.558816131466421950e-01,2.000000000000000111e-01,2.999999999999999889e-01,4.375000000000000000e-01,1.737494745691467099e-02,1.000000000000000000e+00,1.000000000000000000e+00
7.868230241134400726e-01,1.000000000000000000e+00,0.000000000000000000e+00,5.151191226292275438e-01,8.567333690152976189e-01,1.666666666666666574e-01,3.294206422402951584e-01,2.000000000000000111e-01,1.000000000000000000e+00,5.000000000000000000e-01,3.132828919714165938e-02,1.000000000000000000e+00,0.000000000000000000e+00
1.599833807065674240e-01,5.000000000000000000e-01,0.000000000000000000e+00,5.850986325071551031e-01,5.457919757894524881e-01,5.833333333333333703e-01,4.203068667728682706e-01,2.000000000000000111e-01,1.000000000000000056e-01,1.875000000000000000e-01,6.191677175283732439e-03,1.000000000000000000e+00,1.000000000000000000e+00
4.530891575605928701e-01,5.000000000000000000e-01,0.000000000000000000e+00,4.664645598250704572e-01,3.043007141827282214e-02,3.055555555555555802e-01,6.104636538945250601e-01,0.000000000000000000e+00,2.000000000000000111e-01,0.000000000000000000e+00,1.000000000000000021e-02,1.000000000000000000e+00,1.000000000000000000e+00
2.353887852760483401e-01,5.000000000000000000e-01,1.000000000000000000e+00,6.280915189486613315e-01,7.438526754925833817e-01,4.444444444444444198e-01,6.047623040160979846e-01,0.000000000000000000e+00,0.000000000000000000e+00,0.000000000000000000e+00,0.000000000000000000e+00,1.000000000000000000e+00,1.000000000000000000e+00
4.838482530668884452e-01,5.000000000000000000e-01,0.000000000000000000e+00,3.588943434674827238e-01,8.314811981480620950e-01,5.833333333333333703e-01,6.104636538945250601e-01,0.000000000000000000e+00,2.000000000000000111e-01,0.000000000000000000e+00,1.000000000000000000e+00,1.000000000000000000e+00,1.000000000000000000e+00
6.423063084239817311e-01,5.000000000000000000e-01,0.000000000000000000e+00,4.664645598250704572e-01,6.918321248064148721e-01,5.833333333333333703e-01,2.947094826863419503e-01,0.000000000000000000e+00,5.000000000000000000e-01,2.500000000000000000e-01,2.932955023118957727e-02,1.000000000000000000e+00,1.000000000000000000e+00
5.777931392834939617e-01,0.000000000000000000e+00,0.000000000000000000e+00,6.280915189486613315e-01,6.665799539391792372e-01,6.944444444444444198e-01,2.834744696906179584e-01,0.000000000000000000e+00,6.999999999999999556e-01,6.875000000000000000e-01,2.590163934426229289e-02,1.000000000000000000e+00,0.000000000000000000e+00
4.097470300229804629e-01,5.000000000000000000e-01,0.000000000000000000e+00,1.432106415778888198e-01,7.958732261787520024e-01,1.000000000000000000e+00,4.641569548084178432e-01,2.000000000000000111e-01,2.000000000000000111e-01,2.500000000000000000e-01,8.736864228667507240e-03,1.000000000000000000e+00,1.000000000000000000e+00
2.124985952985544990e-01,5.000000000000000000e-01,1.000000000000000000e+00,6.280915189486613315e-01,7.706210553115163675e-01,4.444444444444444198e-01,4.701098348285402961e-01,4.000000000000000222e-01,2.000000000000000111e-01,6.250000000000000000e-02,1.209121479613282923e-02,1.000000000000000000e+00,1.000000000000000000e+00
2.581140194874617655e-01,0.000000000000000000e+00,0.000000000000000000e+00,4.178099970209134262e-01,6.918321248064148721e-01,3.055555555555555802e-01,4.199714932506078968e-01,2.000000000000000111e-01,2.000000000000000111e-01,3.125000000000000000e-01,1.597099621689785504e-02,1.000000000000000000e+00,1.000000000000000000e+00
3.209595889302309102e-01,5.000000000000000000e-01,0.000000000000000000e+00,3.048376007014796385e-01,7.451810250458187346e-01,4.861111111111111049e-01,5.045694642407982933e-01,2.000000000000000111e-01,2.000000000000000111e-01,1.875000000000000000e-01,9.779319041614123464e-03,1.000000000000000000e+00,1.000000000000000000e+00
6.713385232541235759e-01,1.000000000000000000e+00,0.000000000000000000e+00,1.796266956455604691e-01,7.584240437005462798e-01,2.777777777777777901e-01,7.361448813616165987e-01,0.000000000000000000e+00,2.999999999999999889e-01,3.750000000000000000e-01,1.733501471206389324e-02,0.000000000000000000e+00,1.000000000000000000e+00
1.712622312123114332e-01,5.000000000000000000e-01,0.000000000000000000e+00,3.534921635056366696e-01,7.438526754925833817e-01,7.222222222222222099e-01,4.681814370755428834e-01,2.000000000000000111e-01,2.000000000000000111e-01,6.250000000000000000e-02,7.839428331231608829e-03,1.000000000000000000e+00,1.000000000000000000e+00
7.893617964507704254e-01,1.000000000000000000e+00,0.000000000000000000e+00,3.048376007014796385e-01,7.128711110629766257e-01,3.055555555555555802e-01,4.589586652133814115e-01,5.999999999999999778e-01,9.000000000000000222e-01,5.625000000000000000e-01,3.471836906263135736e-02,1.000000000000000000e+00,0.000000000000000000e+00
3.200368676137189117e-01,1.000000000000000000e+00,0.000000000000000000e+00,3.048376007014796385e-01,8.271914711641046303e-01,1.666666666666666574e-01,3.728515133730191944e-01,2.000000000000000111e-01,5.000000000000000000e-01,1.250000000000000000e-01,2.025010508617065830e-02,1.000000000000000000e+00,1.000000000000000000e+00
2.874787232836094608e-01,1.000000000000000000e+00,0.000000000000000000e+00,4.192000166307328080e-01,6.145594032530107276e-01,6.388888888888888395e-01,3.797266705793577724e-01,4.000000000000000222e-01,5.000000000000000000e-01,2.500000000000000000e-01,1.318411097099621634e-02,1.000000000000000000e+00,1.000000000000000000e+00
3.427466372220624446e-01,5.000000000000000000e-01,0.000000000000000000e+00,3.819532582350508854e-01,7.605995522699731115e-01,5.833333333333333703e-01,7.152678796009055429e-01,0.000000000000000000e+00,0.000000000000000000e+00,6.250000000000000000e-02,0.000000000000000000e+00,0.000000000000000000e+00,1.000000000000000000e+00
7.748379567341644458e-01,1.000000000000000000e+00,0.000000000000000000e+00,2.561830378973226630e-01,9.044641927175087748e-01,5.833333333333333703e-01,5.597384086526369096e-01,0.000000000000000000e+00,5.999999999999999778e-01,3.125000000000000000e-01,1.406473308112652330e-02,1.000000000000000000e+00,1.000000000000000000e+00
6.090857635957057648e-01,5.000000000000000000e-01,0.000000000000000000e+00,3.819532582350508854e-01,7.605995522699731115e-01,5.833333333333333703e-01,8.717196277353903566e-01,0.000000000000000000e+00,0.000000000000000000e+00,6.250000000000000000e-02,0.000000000000000000e+00,0.000000000000000000e+00,1.000000000000000000e+00
1.853066682337464188e-01,5.000000000000000000e-01,0.000000000000000000e+00,3.819532582350508854e-01,6.145594032530107276e-01,4.722222222222222099e-01,4.841116793829127185e-01,2.000000000000000111e-01,1.000000000000000056e-01,0.000000000000000000e+00,5.468684321143337315e-03,1.000000000000000000e+00,1.000000000000000000e+00
4.822785958552801566e-01,5.000000000000000000e-01,0.000000000000000000e+00,4.664645598250704572e-01,8.314811981480620950e-01,5.833333333333333703e-01,5.551270227215562292e-01,0.000000000000000000e+00,2.000000000000000111e-01,3.125000000000000000e-01,2.425598991172761565e-02,1.000000000000000000e+00,1.000000000000000000e+00
1.162082442829939777e-01,5.000000000000000000e-01,0.000000000000000000e+00,3.819532582350508854e-01,5.762220472077252964e-01,4.722222222222222099e-01,4.566110505575584622e-01,2.000000000000000111e-01,1.000000000000000056e-01,6.250000000000000000e-02,5.468684321143337315e-03,1.000000000000000000e+00,1.000000000000000000e+00
5.934484724580574300e-01,5.000000000000000000e-01,0.000000000000000000e+00,3.691554342167563951e-01,6.862703370219538357e-01,5.833333333333333703e-01,5.590676616081160510e-01,0.000000000000000000e+00,4.000000000000000222e-01,5.000000000000000000e-01,2.353089533417402138e-02,1.000000000000000000e+00,1.000000000000000000e+00
2.766251493622913227e-01,5.000000000000000000e-01,0.000000000000000000e+00,6.925495996563963974e-01,8.010511267297892868e-01,6.666666666666666297e-01,5.707218915066656351e-01,2.000000000000000111e-01,0.000000000000000000e+00,0.000000000000000000e+00,4.251786464901218671e-03,1.000000000000000000e+00,1.000000000000000000e+00
2.320613181821461757e-01,0.000000000000000000e+00,0.000000000000000000e+00,3.601823373377208148e-01,7.186005046253478579e-01,9.305555555555555802e-01,0.000000000000000000e+00,1.000000000000000000e+00,5.999999999999999778e-01,3.125000000000000000e-01,2.484657419083648525e-02,1.000000000000000000e+00,1.000000000000000000e+00
5.173162315442848547e-01,5.000000000000000000e-01,0.000000000000000000e+00,6.280915189486613315e-01,7.186005046253478579e-01,6.388888888888888395e-01,6.002347614655824115e-01,0.000000000000000000e+00,0.000000000000000000e+00,0.000000000000000000e+00,0.000000000000000000e+00,1.000000000000000000e+00,1.000000000000000000e+00
5.782936769361938373e-02,5.000000000000000000e-01,0.000000000000000000e+00,7.288254065316097652e-01,8.263032975970248106e-01,2.916666666666666852e-01,5.004611385931081458e-01,0.000000000000000000e+00,0.000000000000000000e+00,0.000000000000000000e+00,0.000000000000000000e+00,1.000000000000000000e+00,1.000000000000000000e+00
1.712622312123114332e-01,5.000000000000000000e-01,0.000000000000000000e+00,4.178099970209134262e-01,7.222621962246876803e-01,7.222222222222222099e-01,4.681814370755428834e-01,2.000000000000000111e-01,2.000000000000000111e-01,6.250000000000000000e-02,7.839428331231608829e-03,1.000000000000000000e+00,1.000000000000000000e+00
2.993529610075497671e-01,0.000000000000000000e+00,1.000000000000000000e+00,4.369782052681818185e-01,8.058947292202952584e-01,1.666666666666666574e-01,2.498532740840111177e-01,2.000000000000000111e-01,2.999999999999999889e-01,3.125000000000000000e-01,1.827868852459016424e-02,1.000000000000000000e+00,1.000000000000000000e+00
4.355368330761054119e-01,5.000000000000000000e-01,0.000000000000000000e+00,1.432106415778888198e-01,7.958732261787520024e-01,5.833333333333333703e-01,4.267628070763813120e-01,2.000000000000000111e-01,2.000000000000000111e-01,2.500000000000000000e-01,8.736864228667507240e-03,1.000000000000000000e+00,1.000000000000000000e+00
3.880914308572441240e-01,1.000000000000000000e+00,0.000000000000000000e+00,4.792623838433649475e-01,8.378722738233772560e-01,4.722222222222222099e-01,3.550767166932171093e-01,4.000000000000000222e-01,5.999999999999999778e-01,2.500000000000000000e-01,1.818411097099621732e-02,1.000000000000000000e+00,1.000000000000000000e+00
7.947022393776217442e-01,1.000000000000000000e+00,0.000000000000000000e+00,5.335354401749294873e-01,4.937714251032839230e-01,5.833333333333333703e-01,1.645845560492999182e-01,1.000000000000000000e+00,8.000000000000000444e-01,1.875000000000000000e-01,2.872635561160151452e-02,1.000000000000000000e+00,1.000000000000000000e+00
7.762503904812274591e-01,5.000000000000000000e-01,0.000000000000000000e+00,3.048376007014796385e-01,7.605995522699731115e-01,4.444444444444444198e-01,7.927391632430620394e-01,0.000000000000000000e+00,2.000000000000000111e-01,4.375000000000000000e-01,7.467423287095418562e-03,0.000000000000000000e+00,1.000000000000000000e+00
7.540488908271189561e-02,0.000000000000000000e+00,0.000000000000000000e+00,4.671630103287953140e-01,7.438526754925833817e-01,5.000000000000000000e-01,4.526704116709985848e-01,0.000000000000000000e+00,0.000000000000000000e+00,0.000000000000000000e+00,0.000000000000000000e+00,1.000000000000000000e+00,1.000000000000000000e+00
5.627538127978869431e-01,5.000000000000000000e-01,0.000000000000000000e+00,5.891251812360847051e-01,0.000000000000000000e+00,4.444444444444444198e-01,7.752997400855202725e-01,2.000000000000000111e-01,2.000000000000000111e-01,8.750000000000000000e-01,8.131567885666246207e-03,0.000000000000000000e+00,0.000000000000000000e+00
1.909486709204634425e-01,5.000000000000000000e-01,0.000000000000000000e+00,1.432106415778888198e-01,7.958732261787520024e-01,5.833333333333333703e-01,3.674855370168525481e-01,2.000000000000000111e-01,2.999999999999999889e-01,1.875000000000000000e-01,6.796973518284994339e-03,1.000000000000000000e+00,1.000000000000000000e+00
5.203060548044913247e-01,5.000000000000000000e-01,0.000000000000000000e+00,3.819532582350508854e-01,7.605995522699731115e-01,5.833333333333333703e-01,8.195690450238953817e-01,0.000000000000000000e+00,0.000000000000000000e+00,6.250000000000000000e-02,0.000000000000000000e+00,0.000000000000000000e+00,1.000000000000000000e+00
5.173162315442848547e-01,5.000000000000000000e-01,0.000000000000000000e+00,5.794369561445043004e-01,6.665799539391792372e-01,6.388888888888888395e-01,6.002347614655824115e-01,0.000000000000000000e+00,0.000000000000000000e+00,0.000000000000000000e+00,0.000000000000000000e+00,1.000000000000000000e+00,1.000000000000000000e+00
2.124985952985544990e-01,5.000000000000000000e-01,1.000000000000000000e+00,6.280915189486613315e-01,8.746621566838536088e-01,4.444444444444444198e-01,4.701098348285402961e-01,4.000000000000000222e-01,2.000000000000000111e-01,6.250000000000000000e-02,1.209121479613282923e-02,1.000000000000000000e+00,1.000000000000000000e+00
7.506693595695479448e-01,1.000000000000000000e+00,0.000000000000000000e+00,3.176354247197740732e-01,7.627137706845038556e-01,4.444444444444444198e-01,3.894525027249099436e-01,4.000000000000000222e-01,1.000000000000000000e+00,5.000000000000000000e-01,3.317570407734342364e-02,1.000000000000000000e+00,0.000000000000000000e+00
3.013891337451041763e-01,5.000000000000000000e-01,0.000000000000000000e+00,7.160275825133153305e-01,7.085790015838044908e-01,4.722222222222222099e-01,4.774880523182695180e-01,2.000000000000000111e-01,1.000000000000000056e-01,1.250000000000000000e-01,6.191677175283732439e-03,1.000000000000000000e+00,1.000000000000000000e+00
3.380582850579973986e-01,1.000000000000000000e+00,0.000000000000000000e+00,1.432106415778888198e-01,7.958732261787520024e-01,5.833333333333333703e-01,3.598557893854280043e-01,2.000000000000000111e-01,4.000000000000000222e-01,1.875000000000000000e-01,1.544136191677175293e-02,1.000000000000000000e+00,1.000000000000000000e+00
2.575031676661954649e-01,5.000000000000000000e-01,0.000000000000000000e+00,4.628640938876700806e-01,7.802899353527477100e-01,4.444444444444444198e-01,4.592940387356418408e-01,2.000000000000000111e-01,2.000000000000000111e-01,6.250000000000000000e-02,9.056326187473729208e-03,1.000000000000000000e+00,1.000000000000000000e+00
7.762503904812274591e-01,5.000000000000000000e-01,0.000000000000000000e+00,3.048376007014796385e-01,7.605995522699731115e-01,4.444444444444444198e-01,7.927391632430620394e-01,0.000000000000000000e+00,2.000000000000000111e-01,4.375000000000000000e-01,7.467423287095418562e-03,0.000000000000000000e+00,1.000000000000000000e+00
2.823857140058785853e-01,1.000000000000000000e+00,0.000000000000000000e+00,2.891743299903599129e-01,7.490305760436206661e-01,0.000000000000000000e+00,3.827450322797015803e-01,0.000000000000000000e+00,2.999999999999999889e-01,1.250000000000000000e-01,8.127364438839849645e-03,1.000000000000000000e+00,1.000000000000000000e+00
3.597860523713937719e-01,1.000000000000000000e+00,0.000000000000000000e+00,7.883003753668496039e-01,0.000000000000000000e+00,4.444444444444444198e-01,4.532573153349543915e-01,4.000000000000000222e-01,5.000000000000000000e-01,2.500000000000000000e-01,1.318411097099621634e-02,1.000000000000000000e+00,1.000000000000000000e+00
6.090857635957057648e-01,5.000000000000000000e-01,0.000000000000000000e+00,3.819532582350508854e-01,7.605995522699731115e-01,5.833333333333333703e-01,8.717196277353903566e-01,0.000000000000000000e+00,0.000000000000000000e+00,6.250000000000000000e-02,0.000000000000000000e+00,0.000000000000000000e+00,1.000000000000000000e+00
4.026255803092301799e-01,5.000000000000000000e-01,0.000000000000000000e+00,4.178099970209134262e-01,7.873679320889060973e-01,3.055555555555555802e-01,6.730108157960930093e-01,0.000000000000000000e+00,1.000000000000000056e-01,3.125000000000000000e-01,1.606347204707860715e-02,1.000000000000000000e+00,1.000000000000000000e+00
3.735856331775532224e-01,5.000000000000000000e-01,0.000000000000000000e+00,3.048376007014796385e-01,7.451810250458187346e-01,4.861111111111111049e-01,5.377714429445795696e-01,2.000000000000000111e-01,2.000000000000000111e-01,1.875000000000000000e-01,9.779319041614123464e-03,1.000000000000000000e+00,1.000000000000000000e+00
8.317141893919007822e-01,1.000000000000000000e+00,0.000000000000000000e+00,1.918652043820458508e-01,8.016739501424267056e-01,5.000000000000000000e-01,5.440596964869623964e-01,4.000000000000000222e-01,9.000000000000000222e-01,4.375000000000000000e-01,3.051492223623370956e-02,1.000000000000000000e+00,0.000000000000000000e+00
1.466090764848338168e-01,5.000000000000000000e-01,1.000000000000000000e+00,6.280915189486613315e-01,7.438526754925833817e-01,4.444444444444444198e-01,5.526117213046030097e-01,0.000000000000000000e+00,0.000000000000000000e+00,0.000000000000000000e+00,0.000000000000000000e+00,1.000000000000000000e+00,1.000000000000000000e+00
2.353887852760483401e-01,5.000000000000000000e-01,1.000000000000000000e+00,6.280915189486613315e-01,7.438526754925833817e-01,4.444444444444444198e-01,6.047623040160979846e-01,0.000000000000000000e+00,0.000000000000000000e+00,0.000000000000000000e+00,0.000000000000000000e+00,1.000000000000000000e+00,1.000000000000000000e+00
5.120273372943335843e-01,1.000000000000000000e+00,0.000000000000000000e+00,7.436261069898902898e-02,7.584240437005462798e-01,2.777777777777777901e-01,6.074452921941813077e-01,0.000000000000000000e+00,4.000000000000000222e-01,3.750000000000000000e-01,1.145439260193358531e-02,1.000000000000000000e+00,1.000000000000000000e+00
1.466090764848338168e-01,5.000000000000000000e-01,0.000000000000000000e+00,8.383730408764091813e-01,8.263032975970248106e-01,2.916666666666666852e-01,5.526117213046030097e-01,0.000000000000000000e+00,0.000000000000000000e+00,0.000000000000000000e+00,0.000000000000000000e+00,1.000000000000000000e+00,1.000000000000000000e+00
2.797283797116779103e-01,5.000000000000000000e-01,0.000000000000000000e+00,3.819532582350508854e-01,7.438526754925833817e-01,4.722222222222222099e-01,4.196361197283474676e-01,2.000000000000000111e-01,2.999999999999999889e-01,1.875000000000000000e-01,6.796973518284994339e-03,1.000000000000000000e+00,1.000000000000000000e+00
5.110066734917114717e-01,0.000000000000000000e+00,0.000000000000000000e+00,7.444886772427296018e-01,7.538741785341267487e-01,1.666666666666666574e-01,6.230401609792907136e-01,0.000000000000000000e+00,4.000000000000000222e-01,7.500000000000000000e-01,1.572299285414039544e-02,1.000000000000000000e+00,0.000000000000000000e+00
5.203060548044913247e-01,5.000000000000000000e-01,0.000000000000000000e+00,3.819532582350508854e-01,7.605995522699731115e-01,5.833333333333333703e-01,8.195690450238953817e-01,0.000000000000000000e+00,0.000000000000000000e+00,6.250000000000000000e-02,0.000000000000000000e+00,0.000000000000000000e+00,1.000000000000000000e+00
5.243165418673197964e-01,5.000000000000000000e-01,0.000000000000000000e+00,1.432106415778888198e-01,7.958732261787520024e-01,5.833333333333333703e-01,4.789133897878762314e-01,2.000000000000000111e-01,2.000000000000000111e-01,2.500000000000000000e-01,8.736864228667507240e-03,1.000000000000000000e+00,1.000000000000000000e+00
3.374319686336610946e-01,5.000000000000000000e-01,0.000000000000000000e+00,3.048376007014796385e-01,7.451810250458187346e-01,4.861111111111111049e-01,5.132053324390040139e-01,2.000000000000000111e-01,2.000000000000000111e-01,1.250000000000000000e-01,9.779319041614123464e-03,1.000000000000000000e+00,1.000000000000000000e+00
2.124985952985544990e-01,5.000000000000000000e-01,1.000000000000000000e+00,6.280915189486613315e-01,8.746621566838536088e-01,4.444444444444444198e-01,4.701098348285402961e-01,4.000000000000000222e-01,2.000000000000000111e-01,6.250000000000000000e-02,1.209121479613282923e-02,1.000000000000000000e+00,1.000000000000000000e+00
2.994096645521399647e-01,5.000000000000000000e-01,0.000000000000000000e+00,4.664645598250704572e-01,6.586726693121667253e-01,3.055555555555555802e-01,4.852854867108242209e-01,2.000000000000000111e-01,2.999999999999999889e-01,2.500000000000000000e-01,6.796973518284994339e-03,1.000000000000000000e+00,1.000000000000000000e+00
3.241684940672627802e-01,5.000000000000000000e-01,1.000000000000000000e+00,6.280915189486613315e-01,7.438526754925833817e-01,4.444444444444444198e-01,6.569128867275928485e-01,0.000000000000000000e+00,0.000000000000000000e+00,0.000000000000000000e+00,0.000000000000000000e+00,1.000000000000000000e+00,1.000000000000000000e+00
4.785696685523171401e-01,1.000000000000000000e+00,0.000000000000000000e+00,7.336682712116467941e-01,8.058947292202952584e-01,5.138888888888888395e-01,4.229060115703865974e-01,0.000000000000000000e+00,2.999999999999999889e-01,3.750000000000000000e-01,1.214375788146280014e-02,1.000000000000000000e+00,1.000000000000000000e+00
3.685080885028924613e-01,5.000000000000000000e-01,1.000000000000000000e+00,2.561830378973226630e-01,8.646406536423102418e-01,4.444444444444444198e-01,4.717867024398424425e-01,2.000000000000000111e-01,2.999999999999999889e-01,1.875000000000000000e-01,6.796973518284994339e-03,1.000000000000000000e+00,1.000000000000000000e+00
7.762503904812274591e-01,5.000000000000000000e-01,0.000000000000000000e+00,3.048376007014796385e-01,7.605995522699731115e-01,4.444444444444444198e-01,7.927391632430620394e-01,0.000000000000000000e+00,2.000000000000000111e-01,4.375000000000000000e-01,7.467423287095418562e-03,0.000000000000000000e+00,1.000000000000000000e+00
5.763729732348958912e-01,1.000000000000000000e+00,0.000000000000000000e+00,4.178099970209134262e-01,7.667715043137144360e-01,3.055555555555555802e-01,5.923534836924625457e-01,0.000000000000000000e+00,5.000000000000000000e-01,4.375000000000000000e-01,2.108028583438419437e-02,1.000000000000000000e+00,1.000000000000000000e+00
6.401464188618670725e-01,5.000000000000000000e-01,0.000000000000000000e+00,7.336682712116467941e-01,7.290896091203715734e-01,5.416666666666666297e-01,6.910371426175904164e-01,2.000000000000000111e-01,2.999999999999999889e-01,7.500000000000000000e-01,1.007145859604876084e-02,1.000000000000000000e+00,0.000000000000000000e+00
0.000000000000000000e+00,0.000000000000000000e+00,0.000000000000000000e+00,5.795772033369626097e-01,6.398115741202462514e-01,5.833333333333333703e-01,2.595791062295632057e-01,2.000000000000000111e-01,2.000000000000000111e-01,1.250000000000000000e-01,6.191677175283732439e-03,1.000000000000000000e+00,1.000000000000000000e+00
4.388359483977123943e-01,0.000000000000000000e+00,0.000000000000000000e+00,2.787912692773404921e-01,8.010511267297892868e-01,7.222222222222222099e-01,5.981386769514547286e-01,0.000000000000000000e+00,2.000000000000000111e-01,5.000000000000000000e-01,2.332072299285413777e-02,1.000000000000000000e+00,1.000000000000000000e+00
4.991865618785162328e-01,5.000000000000000000e-01,0.000000000000000000e+00,5.264391300325425016e-01,6.944657210065928732e-01,6.388888888888888395e-01,5.169782845644337321e-01,0.000000000000000000e+00,2.999999999999999889e-01,4.375000000000000000e-01,6.208490962589323023e-03,1.000000000000000000e+00,1.000000000000000000e+00
2.353887852760483401e-01,5.000000000000000000e-01,1.000000000000000000e+00,6.280915189486613315e-01,7.438526754925833817e-01,4.444444444444444198e-01,6.047623040160979846e-01,0.000000000000000000e+00,0.000000000000000000e+00,0.000000000000000000e+00,0.000000000000000000e+00,1.000000000000000000e+00,1.000000000000000000e+00
2.034930414441052660e-01,0.000000000000000000e+00,0.000000000000000000e+00,3.048376007014796385e-01,6.802631485800624267e-01,5.833333333333333703e-01,6.355328246834912598e-02,5.999999999999999778e-01,5.000000000000000000e-01,2.500000000000000000e-01,2.607818411097099706e-02,1.000000000000000000e+00,1.000000000000000000e+00
3.374319686336610946e-01,5.000000000000000000e-01,0.000000000000000000e+00,3.048376007014796385e-01,7.451810250458187346e-01,4.861111111111111049e-01,4.936698247673346196e-01,2.000000000000000111e-01,2.000000000000000111e-01,1.875000000000000000e-01,9.779319041614123464e-03,1.000000000000000000e+00,1.000000000000000000e+00
4.630328973346241050e-01,5.000000000000000000e-01,0.000000000000000000e+00,3.205008714125994196e-01,7.490305760436206661e-01,0.000000000000000000e+00,5.288002012241134198e-01,0.000000000000000000e+00,2.999999999999999889e-01,4.375000000000000000e-01,6.208490962589323023e-03,1.000000000000000000e+00,1.000000000000000000e+00
3.571184083418130206e-01,5.000000000000000000e-01,0.000000000000000000e+00,4.664645598250704572e-01,7.147509536275458153e-01,3.055555555555555802e-01,4.125094323803135676e-01,2.000000000000000111e-01,2.999999999999999889e-01,2.500000000000000000e-01,8.736864228667507240e-03,1.000000000000000000e+00,1.000000000000000000e+00
3.301687600584356508e-01,5.000000000000000000e-01,0.000000000000000000e+00,7.410639152680951192e-01,7.811101598065400831e-01,5.000000000000000000e-01,4.852854867108242209e-01,2.000000000000000111e-01,2.999999999999999889e-01,2.500000000000000000e-01,6.796973518284994339e-03,1.000000000000000000e+00,1.000000000000000000e+00
3.209673212317659119e-01,5.000000000000000000e-01,0.000000000000000000e+00,1.432106415778888198e-01,7.958732261787520024e-01,1.000000000000000000e+00,4.120063720969229237e-01,2.000000000000000111e-01,2.000000000000000111e-01,2.500000000000000000e-01,8.736864228667507240e-03,1.000000000000000000e+00,1.000000000000000000e+00
2.115552545112824312e-01,5.000000000000000000e-01,0.000000000000000000e+00,5.151191226292275438e-01,7.958732261787520024e-01,4.444444444444444198e-01,6.244654984488975380e-01,0.000000000000000000e+00,0.000000000000000000e+00,6.250000000000000000e-02,0.000000000000000000e+00,1.000000000000000000e+00,1.000000000000000000e+00
3.209595889302309102e-01,5.000000000000000000e-01,0.000000000000000000e+00,3.048376007014796385e-01,7.451810250458187346e-01,4.861111111111111049e-01,5.045694642407982933e-01,2.000000000000000111e-01,2.000000000000000111e-01,1.875000000000000000e-01,9.779319041614123464e-03,1.000000000000000000e+00,1.000000000000000000e+00
4.130564550799674661e-01,5.000000000000000000e-01,0.000000000000000000e+00,7.526819855246837943e-01,7.290896091203715734e-01,5.416666666666666297e-01,7.228976272323299757e-01,2.000000000000000111e-01,1.000000000000000056e-01,3.750000000000000000e-01,6.191677175283732439e-03,0.000000000000000000e+00,1.000000000000000000e+00
4.315263460132768847e-01,5.000000000000000000e-01,0.000000000000000000e+00,3.819532582350508854e-01,7.605995522699731115e-01,5.833333333333333703e-01,7.674184623124005178e-01,0.000000000000000000e+00,0.000000000000000000e+00,6.250000000000000000e-02,0.000000000000000000e+00,0.000000000000000000e+00,1.000000000000000000e+00
7.027342449201355867e-01,1.000000000000000000e+00,0.000000000000000000e+00,8.025163020905465849e-01,5.762220472077252964e-01,6.666666666666666297e-01,6.589251278611554241e-01,0.000000000000000000e+00,2.999999999999999889e-01,3.750000000000000000e-01,2.015342580916351309e-02,1.000000000000000000e+00,1.000000000000000000e+00
1.083470710557271760e-01,0.000000000000000000e+00,0.000000000000000000e+00,4.747321864797419688e-01,4.937714251032839230e-01,5.833333333333333703e-01,3.216232078477404555e-01,0.000000000000000000e+00,2.999999999999999889e-01,2.500000000000000000e-01,7.467423287095418562e-03,1.000000000000000000e+00,1.000000000000000000e+00
3.735856331775532224e-01,5.000000000000000000e-01,0.000000000000000000e+00,3.048376007014796385e-01,7.451810250458187346e-01,4.861111111111111049e-01,5.377714429445795696e-01,2.000000000000000111e-01,2.000000000000000111e-01,1.875000000000000000e-01,9.779319041614123464e-03,1.000000000000000000e+00,1.000000000000000000e+00
2.600419400035259287e-01,5.000000000000000000e-01,0.000000000000000000e+00,4.178099970209134262e-01,7.958732261787520024e-01,7.222222222222222099e-01,5.203320197870378028e-01,2.000000000000000111e-01,2.000000000000000111e-01,6.250000000000000000e-02,7.839428331231608829e-03,1.000000000000000000e+00,1.000000000000000000e+00
2.961930271135730375e-01,5.000000000000000000e-01,0.000000000000000000e+00,6.280915189486613315e-01,8.530716774159577964e-01,7.222222222222222099e-01,5.045694642407982933e-01,2.000000000000000111e-01,2.000000000000000111e-01,1.250000000000000000e-01,7.839428331231608829e-03,1.000000000000000000e+00,1.000000000000000000e+00
6.193315786163686686e-03,0.000000000000000000e+00,1.000000000000000000e+00,7.381984685752698283e-01,6.282425978938938060e-01,1.666666666666666574e-01,3.479500293451832649e-01,2.000000000000000111e-01,1.000000000000000056e-01,6.250000000000000000e-02,4.251786464901218671e-03,1.000000000000000000e+00,1.000000000000000000e+00
2.519178685240685556e-01,0.000000000000000000e+00,1.000000000000000000e+00,7.146094798079127841e-01,9.395800331496099167e-01,5.277777777777777901e-01,4.813448478242642881e-01,0.000000000000000000e+00,0.000000000000000000e+00,6.250000000000000000e-02,0.000000000000000000e+00,1.000000000000000000e+00,1.000000000000000000e+00
5.266001482539948153e-01,5.000000000000000000e-01,0.000000000000000000e+00,7.799431587874773308e-01,7.290896091203715734e-01,5.416666666666666297e-01,7.069673849249602515e-01,2.000000000000000111e-01,2.000000000000000111e-01,5.625000000000000000e-01,8.131567885666246207e-03,0.000000000000000000e+00,1.000000000000000000e+00
6.898625402981780619e-01,1.000000000000000000e+00,0.000000000000000000e+00,5.151191226292275438e-01,8.567333690152976189e-01,1.666666666666666574e-01,4.469690617925714538e-01,4.000000000000000222e-01,8.000000000000000444e-01,3.750000000000000000e-01,2.764817150063051884e-02,1.000000000000000000e+00,1.000000000000000000e+00
6.978654723869202048e-01,5.000000000000000000e-01,0.000000000000000000e+00,3.819532582350508854e-01,7.605995522699731115e-01,5.833333333333333703e-01,9.238702104468852205e-01,0.000000000000000000e+00,0.000000000000000000e+00,6.250000000000000000e-02,0.000000000000000000e+00,0.000000000000000000e+00,1.000000000000000000e+00
5.203060548044913247e-01,5.000000000000000000e-01,0.000000000000000000e+00,3.819532582350508854e-01,7.605995522699731115e-01,5.833333333333333703e-01,8.195690450238953817e-01,0.000000000000000000e+00,0.000000000000000000e+00,6.250000000000000000e-02,0.000000000000000000e+00,0.000000000000000000e+00,1.000000000000000000e+00
3.236323878275016441e-01,1.000000000000000000e+00,0.000000000000000000e+00,5.465578842136171733e-01,6.145594032530107276e-01,6.388888888888888395e-01,4.182946256393058060e-01,4.000000000000000222e-01,5.000000000000000000e-01,2.500000000000000000e-01,1.318411097099621634e-02,1.000000000000000000e+00,1.000000000000000000e+00
2.277832934862059414e-02,0.000000000000000000e+00,1.000000000000000000e+00,6.078980508739185717e-01,6.737329629659395414e-01,5.833333333333333703e-01,4.246667225622537400e-01,0.000000000000000000e+00,0.000000000000000000e+00,6.250000000000000000e-02,0.000000000000000000e+00,1.000000000000000000e+00,1.000000000000000000e+00
2.848059243863387824e-01,5.000000000000000000e-01,0.000000000000000000e+00,3.048376007014796385e-01,7.451810250458187346e-01,4.861111111111111049e-01,4.604678460635532877e-01,2.000000000000000111e-01,2.000000000000000111e-01,1.875000000000000000e-01,9.779319041614123464e-03,1.000000000000000000e+00,1.000000000000000000e+00
9.484358584968198835e-01,0.000000000000000000e+00,0.000000000000000000e+00,0.000000000000000000e+00,9.363515874112534609e-01,4.444444444444444198e-01,8.066571644168692989e-01,2.000000000000000111e-01,2.000000000000000111e-01,5.000000000000000000e-01,7.839428331231608829e-03,0.000000000000000000e+00,1.000000000000000000e+00
6.090857635957057648e-01,5.000000000000000000e-01,0.000000000000000000e+00,3.819532582350508854e-01,7.605995522699731115e-01,5.833333333333333703e-01,8.717196277353903566e-01,0.000000000000000000e+00,0.000000000000000000e+00,6.250000000000000000e-02,0.000000000000000000e+00,0.000000000000000000e+00,1.000000000000000000e+00
5.203060548044913247e-01,5.000000000000000000e-01,0.000000000000000000e+00,3.819532582350508854e-01,7.605995522699731115e-01,5.833333333333333703e-01,8.195690450238953817e-01,0.000000000000000000e+00,0.000000000000000000e+00,6.250000000000000000e-02,0.000000000000000000e+00,0.000000000000000000e+00,1.000000000000000000e+00
7.762503904812274591e-01,5.000000000000000000e-01,0.000000000000000000e+00,3.048376007014796385e-01,7.605995522699731115e-01,4.444444444444444198e-01,7.927391632430620394e-01,0.000000000000000000e+00,2.000000000000000111e-01,4.375000000000000000e-01,7.467423287095418562e-03,0.000000000000000000e+00,1.000000000000000000e+00
2.600419400035259287e-01,5.000000000000000000e-01,0.000000000000000000e+00,4.632325655814270582e-01,7.958732261787520024e-01,4.444444444444444198e-01,5.203320197870378028e-01,2.000000000000000111e-01,2.000000000000000111e-01,6.250000000000000000e-02,7.839428331231608829e-03,1.000000000000000000e+00,1.000000000000000000e+00
2.418297924547170574e-01,5.000000000000000000e-01,0.000000000000000000e+00,1.000000000000000000e+00,8.010511267297892868e-01,4.444444444444444198e-01,5.293871048880690600e-01,0.000000000000000000e+00,1.000000000000000056e-01,0.000000000000000000e+00,5.000000000000000104e-03,1.000000000000000000e+00,1.000000000000000000e+00
8.848763398789842860e-01,1.000000000000000000e+00,0.000000000000000000e+00,2.129306550550117694e-01,8.197731119829020363e-01,5.833333333333333703e-01,3.842542131298734009e-01,4.000000000000000222e-01,1.000000000000000000e+00,5.625000000000000000e-01,3.852459016393442598e-02,1.000000000000000000e+00,0.000000000000000000e+00
1.686641778965459193e-01,5.000000000000000000e-01,0.000000000000000000e+00,7.410639152680951192e-01,6.398115741202462514e-01,6.388888888888888395e-01,4.278527710237276516e-01,0.000000000000000000e+00,2.000000000000000111e-01,6.250000000000000000e-02,8.434216057166876723e-03,1.000000000000000000e+00,1.000000000000000000e+00
3.241684940672627802e-01,5.000000000000000000e-01,1.000000000000000000e+00,6.280915189486613315e-01,7.438526754925833817e-01,4.444444444444444198e-01,6.569128867275928485e-01,0.000000000000000000e+00,0.000000000000000000e+00,0.000000000000000000e+00,0.000000000000000000e+00,1.000000000000000000e+00,1.000000000000000000e+00
4.646463709215974958e-01,0.000000000000000000e+00,0.000000000000000000e+00,6.280915189486613315e-01,6.282425978938938060e-01,5.833333333333333703e-01,5.488387691791732914e-01,0.000000000000000000e+00,2.000000000000000111e-01,5.000000000000000000e-01,1.822404371584699159e-02,1.000000000000000000e+00,1.000000000000000000e+00
4.876860520621016937e-01,5.000000000000000000e-01,0.000000000000000000e+00,7.336682712116467941e-01,8.058947292202952584e-01,5.138888888888888395e-01,4.113356250524021762e-01,0.000000000000000000e+00,5.000000000000000000e-01,4.375000000000000000e-01,1.173602353930222782e-02,1.000000000000000000e+00,1.000000000000000000e+00
3.427466372220624446e-01,5.000000000000000000e-01,0.000000000000000000e+00,3.819532582350508854e-01,7.605995522699731115e-01,5.833333333333333703e-01,7.152678796009055429e-01,0.000000000000000000e+00,0.000000000000000000e+00,6.250000000000000000e-02,0.000000000000000000e+00,0.000000000000000000e+00,1.000000000000000000e+00
2.266564394091696855e-01,5.000000000000000000e-01,0.000000000000000000e+00,5.124362344176516260e-01,8.386342071748223992e-01,5.000000000000000000e-01,4.938375115284648897e-01,2.000000000000000111e-01,1.000000000000000056e-01,0.000000000000000000e+00,5.468684321143337315e-03,1.000000000000000000e+00,1.000000000000000000e+00
3.405893250937927497e-01,0.000000000000000000e+00,0.000000000000000000e+00,4.369782052681818185e-01,1.000000000000000000e+00,1.666666666666666574e-01,3.175987255806154153e-01,2.000000000000000111e-01,4.000000000000000222e-01,3.125000000000000000e-01,1.959016393442622808e-02,1.000000000000000000e+00,1.000000000000000000e+00
3.379886943441822722e-01,1.000000000000000000e+00,0.000000000000000000e+00,2.405197671862028819e-01,4.937714251032839230e-01,5.833333333333333703e-01,4.311226628657667814e-01,2.000000000000000111e-01,2.000000000000000111e-01,1.875000000000000000e-01,9.995796553173603646e-03,1.000000000000000000e+00,1.000000000000000000e+00
